# {"t_start": 1782311387.6235006, "env_id": "PctContinuous-v0"} 
r,l,t
9.297366,69,15.567724
9.747138,76,27.234959
8.673963,62,38.245409
10.067384,73,50.874964
9.615684,69,64.388558
8.772365,67,76.615082
7.696608,56,87.091997
8.774501,67,99.403823
9.239059,67,111.364042
7.945305,59,121.729425
9.526435,74,135.071288
9.426122,72,147.199978
8.727827,62,157.875662
10.559221,78,173.449461
10.355367,73,187.903056
9.337717,69,201.92568
8.984253,64,214.009093
9.053424,65,226.53552
9.485001,69,239.76351
9.006106,69,252.866627
8.134351,61,264.098596
9.727266,71,276.249122
10.263248,75,290.283107
10.251558,77,304.575992
7.754122,56,314.403708
8.257077,61,326.44076
9.690331,73,340.873344
7.289148,53,351.1234
8.990119,68,363.064817
9.686133,73,376.788069
9.119937,61,389.080138
9.843187,76,404.119888
9.730336,66,415.517658
10.19509,78,429.540958
10.382461,76,443.159582
9.395022,68,455.383705
9.18884,65,467.620067
8.352282,60,479.197877
8.36415,61,490.663635
9.373656,67,503.549515
9.460957,64,515.146065
9.10221,63,526.9208
9.000902,63,539.231123
9.519571,69,551.829609
8.692177,63,563.176768
8.654631,65,575.297158
8.216309,59,586.762424
9.571786,69,599.981086
9.210686,71,613.216437
8.24133,65,625.673108
9.325129,71,638.902984
7.256288,52,648.36614
10.015016,72,661.808081
9.857647,76,675.926023
9.552781,68,689.08912
8.994194,69,701.555093
9.752043,71,715.01994
8.173826,61,726.913658
9.487464,71,740.247877
9.182208,69,752.993814
8.931554,62,764.338753
8.311615,61,775.733395
8.950793,68,789.489716
8.72306,65,802.065363
9.095426,68,814.400939
9.618978,71,827.77602
10.154043,73,841.523494
9.830399,73,856.694855
9.535454,68,870.0409
10.028181,75,884.464307
7.790544,57,895.186286
8.913661,65,907.428977
9.254895,64,920.151783
7.74632,57,930.575417
10.812467,79,944.218035
10.913971,79,958.145113
9.037302,65,970.156832
8.249095,59,982.048898
9.229468,66,994.662354
8.982095,62,1005.345199
8.297512,61,1016.8071
10.100564,75,1030.700742
8.536955,64,1041.667139
8.925602,63,1053.332966
9.82302,71,1066.720159
9.560444,71,1079.87072
9.565492,68,1092.045501
9.882559,72,1104.508153
8.6633,58,1115.33806
8.435674,62,1126.792966
9.96068,78,1140.84377
9.913171,73,1154.326783
8.196497,58,1164.371017
9.103273,65,1175.190941
9.234085,67,1187.077708
9.733209,73,1200.034055
9.718609,69,1212.297266
9.401583,72,1224.544889
9.839995,75,1237.176973
11.194846,84,1252.313884
11.579109,87,1267.474104
10.332249,75,1281.145734
9.972508,72,1293.69149
10.233694,76,1306.937793
9.30834,66,1318.098207
10.567157,76,1330.787408
10.105325,73,1343.894716
10.088905,74,1357.301354
10.242192,70,1368.982551
9.174169,66,1380.929762
10.276885,76,1393.892135
9.739049,72,1406.752804
10.242012,73,1419.083038
9.585457,68,1431.285488
10.96387,85,1446.046828
10.637367,81,1459.919904
9.10584,62,1470.892739
10.640703,77,1484.587289
9.624079,76,1497.347628
11.679282,88,1512.960305
10.994571,84,1528.511292
10.615617,77,1542.117538
11.95492,91,1557.280428
11.847641,90,1573.093393
9.494943,68,1585.465823
9.716692,75,1598.414468
11.02779,82,1613.021547
10.093935,71,1625.026509
11.321987,80,1638.628338
10.152766,75,1651.982843
11.299679,82,1666.238246
11.512205,83,1680.983909
11.434126,84,1695.117321
10.669603,79,1708.918021
11.416196,87,1723.576824
10.803259,79,1737.868732
9.771593,67,1749.118867
8.877516,59,1759.019514
10.51052,76,1772.495294
10.988719,85,1787.611957
10.190408,68,1799.315445
11.041725,80,1812.675229
11.357077,88,1828.467027
11.191954,81,1842.836565
10.874599,81,1857.093851
11.304424,87,1872.918516
10.837865,77,1886.535573
11.147374,82,1900.808063
11.312376,84,1915.778286
10.741576,79,1930.061945
9.5952,66,1941.336265
9.802746,72,1953.343137
10.405788,76,1966.580153
10.259239,75,1979.255343
10.763248,79,1993.081471
10.199854,78,2007.028356
11.624545,86,2021.872567
10.020867,72,2034.240161
10.040712,76,2047.484272
10.590882,79,2060.923577
10.561958,78,2074.133687
10.473469,75,2086.823336
9.037733,62,2098.077571
11.199858,84,2112.984349
11.112988,82,2127.878345
11.884089,85,2142.27448
11.267355,83,2157.484396
10.461152,76,2170.807261
11.060308,80,2185.234407
10.865476,82,2199.279415
10.792777,79,2212.898299
11.098725,80,2226.970861
10.963662,84,2241.46456
10.734222,81,2254.946745
10.898113,77,2268.662386
11.342347,87,2284.384068
11.879006,88,2299.84904
12.107375,90,2315.454724
11.377798,88,2331.095431
9.672531,73,2343.409072
12.275814,88,2358.417658
11.358124,84,2374.256724
10.431606,73,2386.482797
11.681177,85,2401.455167
12.171028,87,2416.600121
10.818346,77,2429.738478
10.264994,77,2443.365495
11.730062,83,2457.969064
11.491154,83,2473.25346
10.97423,83,2487.866448
10.375738,76,2501.257069
11.830918,83,2516.005416
10.720679,82,2530.070336
11.949759,88,2546.231376
11.269235,86,2561.950804
11.929656,89,2577.598227
10.478283,71,2590.251096
10.309733,77,2603.326645
11.682228,86,2618.204264
10.77876,85,2633.141309
10.621159,74,2645.636786
10.922794,81,2659.789394
10.81589,80,2674.48249
11.666179,86,2689.312899
10.516364,82,2703.859211
12.28138,94,2720.119402
10.575186,75,2733.122396
10.673677,77,2747.113641
10.044352,73,2760.13684
11.541062,83,2775.066993
10.640014,74,2788.30027
12.405595,92,2804.534378
10.709818,74,2817.617991
10.886495,80,2832.00058
9.852367,69,2844.581456
11.561969,85,2859.68417
10.604097,78,2874.122584
11.799503,88,2890.320393
11.876385,83,2904.769296
10.594194,75,2918.030993
10.96129,80,2932.138729
10.945351,82,2946.801296
10.821712,78,2961.181813
12.517259,91,2977.415138
12.213753,93,2994.379441
11.265994,83,3009.432732
10.740057,78,3023.678278
11.64201,91,3040.2117
11.251174,84,3055.35017
10.686337,79,3069.494591
11.501746,85,3085.153533
11.066334,81,3099.825142
11.257801,79,3114.541761
11.662709,84,3129.66623
11.113763,77,3143.954671
11.790661,86,3159.899327
12.170041,94,3177.181728
11.08256,79,3191.511489
10.836727,79,3206.336835
10.913422,81,3221.361719
11.677516,85,3236.940533
10.417166,71,3250.277529
11.479299,84,3265.063821
11.472344,83,3279.731532
11.493332,84,3294.799998
10.742261,76,3307.894211
11.439605,85,3323.453628
10.71757,75,3337.202367
11.71423,85,3352.54131
11.373031,79,3366.756698
11.638775,86,3382.984021
11.476094,85,3398.268967
11.308134,85,3413.50488
11.232415,81,3428.416947
11.244532,79,3442.150137
10.964611,76,3455.714369
11.37991,79,3469.530445
12.589183,95,3485.907484
10.811553,77,3499.34642
9.983276,72,3511.799783
12.114741,89,3528.250303
12.49411,93,3544.778106
10.736703,76,3557.779713
10.555648,74,3570.989415
12.196453,88,3586.713346
11.333699,85,3601.875964
11.312172,83,3616.884449
12.063384,85,3632.414151
10.619963,79,3646.970262
11.347043,79,3662.215708
11.266422,85,3678.210783
11.619509,87,3693.404817
9.969488,72,3706.253987
10.965968,80,3720.872321
11.993266,89,3737.072819
11.864978,88,3753.178062
11.514125,82,3768.616078
12.206443,94,3785.922292
11.355755,86,3801.145838
12.185004,89,3818.184579
12.350698,93,3835.167388
12.238642,91,3852.01947
11.180214,85,3867.960263
10.747665,80,3883.270278
11.702019,87,3898.964955
11.426463,81,3913.902936
11.007056,80,3928.982575
11.573699,83,3943.579877
11.620789,86,3959.356536
11.793577,86,3975.52526
11.616774,86,3991.807735
13.03444,94,4009.16462
11.80208,87,4025.49983
11.594866,84,4041.408177
10.770243,79,4056.50223
11.101261,81,4071.496282
11.284567,80,4086.653599
11.754265,87,4103.147297
10.01915,71,4116.255391
11.128277,83,4131.500962
11.673034,86,4147.102198
12.193298,89,4163.216328
11.978715,92,4181.266579
10.550047,75,4195.346572
11.210289,83,4210.12549
12.116502,86,4226.390545
10.213884,75,4240.130631
11.047151,80,4255.30398
12.336496,87,4271.698215
11.783917,91,4287.903193
11.669243,85,4303.515174
10.853723,80,4317.744646
12.297468,87,4333.672935
11.187512,84,4349.101858
12.124753,90,4365.509852
11.875374,86,4381.269232
12.113512,92,4397.702199
11.491682,86,4413.698388
11.835163,89,4430.016716
12.60074,93,4447.573921
11.589183,85,4462.89369
11.404228,77,4477.026099
10.316957,78,4491.206423
11.159918,80,4505.930082
12.421986,92,4522.284456
11.825775,89,4537.75704
12.149361,90,4553.656858
11.750063,85,4568.473953
12.189072,91,4585.882388
12.401048,93,4602.527316
12.153597,89,4618.418555
11.412777,83,4632.8915
10.709851,75,4645.692339
11.235068,81,4659.21373
10.395589,77,4672.700018
11.546147,89,4688.723405
11.868459,86,4704.947431
11.479875,86,4719.923218
11.770571,86,4734.711183
11.380528,81,4749.640135
10.394907,77,4763.16382
12.367835,92,4780.358086
10.969682,82,4794.684551
10.7141,73,4807.375714
10.421933,75,4820.801702
11.710321,86,4836.383103
11.068151,83,4851.411537
11.480927,86,4866.957951
11.381219,85,4882.933926
11.530355,86,4898.53598
12.314205,95,4915.613765
11.094593,80,4929.930587
12.275008,89,4945.936495
11.179897,82,4961.091574
10.441832,76,4974.391816
11.471639,82,4990.437744
10.927546,77,5003.805691
11.064949,82,5019.207911
12.32359,94,5035.973399
11.358864,87,5051.662295
11.643147,84,5066.858914
11.450452,80,5081.607057
12.159785,88,5097.608619
11.044962,84,5112.668953
10.783056,78,5126.85987
10.304476,71,5139.668839
11.499552,82,5154.730688
11.50968,79,5169.685706
11.567464,81,5184.572551
10.602615,76,5198.823544
10.659103,77,5212.794701
9.47248,69,5225.031453
9.84719,75,5238.937109
9.011361,65,5251.009874
9.066723,66,5263.996879
8.888693,65,5275.720749
9.36408,65,5287.528795
9.076387,65,5298.700605
10.263916,79,5313.293332
9.328726,64,5325.533363
8.178181,55,5335.551907
8.527062,64,5347.846675
9.636666,72,5361.550169
9.158264,65,5373.708649
10.142524,72,5387.278461
8.745783,68,5400.302029
8.281345,67,5412.091298
9.678405,75,5426.100872
8.479992,64,5437.898311
8.300691,64,5450.139334
8.732344,60,5461.17533
9.52838,67,5473.305542
9.799774,69,5485.75113
10.265967,74,5498.866462
11.436478,85,5514.424627
11.2032,85,5530.06113
12.06252,93,5547.304311
12.009654,85,5562.628006
10.735392,76,5576.173337
11.005733,77,5589.636641
10.758918,82,5604.482168
11.374855,82,5618.984979
11.886982,88,5634.7402
11.290084,85,5650.070301
10.615844,76,5663.204282
11.802524,88,5679.338855
11.928275,88,5694.739062
11.054396,82,5709.514268
11.030391,76,5723.159646
12.139446,93,5740.137826
11.758366,87,5755.74822
10.561777,73,5768.441062
12.071352,88,5783.669492
11.597002,86,5798.916996
9.873621,67,5810.327965
11.513424,84,5824.802088
11.065874,80,5838.322199
10.321854,76,5852.229557
10.160883,74,5865.510811
11.285575,87,5881.048774
11.686273,85,5896.484416
11.903563,88,5911.824471
12.254782,92,5928.094703
11.878333,84,5943.031847
10.083196,72,5956.222765
11.622603,85,5970.934572
11.312958,83,5986.05288
11.362794,84,6000.794612
11.327351,83,6015.788649
11.659626,86,6031.266747
11.507668,84,6045.666034
12.531019,92,6062.009115
12.024888,87,6077.450103
10.736241,78,6090.996578
12.500209,90,6106.443495
11.141793,84,6121.545798
9.973243,72,6135.091913
11.166791,82,6149.657589
11.274025,78,6163.173453
11.052042,80,6177.512753
10.930224,81,6192.76575
11.309692,82,6207.777096
11.599868,85,6222.36693
11.926621,90,6238.073176
11.160512,86,6253.715943
12.154511,89,6269.669868
11.608528,86,6284.420897
11.736793,88,6299.922674
11.55299,87,6315.661575
11.656957,85,6330.941671
12.427691,91,6347.104815
11.295963,88,6363.348264
11.327767,77,6377.570565
12.199943,86,6392.725755
10.634517,79,6406.811242
11.911397,89,6423.294288
11.168596,87,6438.404996
10.887399,80,6453.363851
10.773722,80,6467.589711
12.2512,87,6483.899523
10.964015,81,6497.447744
11.129341,86,6512.931298
12.22261,84,6527.542521
11.616944,82,6542.300762
11.399841,86,6557.858711
11.644269,85,6572.469929
12.504259,88,6587.805364
11.348404,82,6602.016901
11.511524,81,6617.499759
11.528211,88,6633.070701
12.48192,92,6649.274473
11.643688,86,6664.647117
11.848484,88,6680.144217
11.510592,85,6694.639241
11.517664,80,6708.395643
11.599349,83,6723.798008
12.194451,84,6738.641521
10.787977,79,6752.571765
11.540016,86,6767.88265
10.795763,83,6782.888966
10.745065,78,6796.672134
12.141655,86,6812.329888
10.793545,78,6826.81329
10.740818,80,6840.664399
11.170872,80,6854.844789
12.18099,91,6871.592149
11.687854,89,6887.431065
11.22844,81,6902.061083
11.42318,84,6917.023793
11.628884,83,6931.451809
11.603441,85,6946.045717
11.757089,87,6961.370323
10.829177,83,6975.723436
12.043816,93,6991.767071
11.962184,85,7006.512566
12.087461,86,7021.798133
11.915529,83,7036.656087
11.548066,84,7052.033209
11.665201,86,7066.582165
12.05362,86,7081.699922
11.201964,78,7095.435346
11.21337,79,7109.047172
11.090393,81,7123.263061
11.691801,85,7138.483602
11.755657,88,7153.897682
11.455798,86,7169.552478
12.507055,96,7186.734686
9.998953,74,7199.721587
11.87889,89,7215.256558
10.81193,74,7228.271851
11.734008,85,7243.244837
11.850126,90,7258.844536
11.645089,83,7273.624563
11.488627,85,7289.447945
11.590197,85,7305.023174
10.573045,77,7319.078027
12.252212,93,7335.253484
12.007892,81,7350.085638
11.52337,83,7364.571573
12.324162,91,7381.150009
12.011315,87,7397.243496
12.244001,89,7413.199766
12.132371,86,7428.426195
11.390437,79,7442.671036
11.917169,86,7457.957294
10.612067,73,7471.419938
12.031744,87,7487.465785
11.758631,84,7502.820044
11.410067,84,7518.124332
10.874694,79,7532.624414
10.924787,85,7547.754651
11.827325,83,7562.093801
11.857732,89,7577.751521
11.203373,82,7592.495196
11.422422,82,7607.077297
10.921293,80,7621.759859
11.43926,83,7636.048247
12.09142,91,7652.333229
10.588902,77,7666.132668
11.530262,82,7681.266009
11.698007,84,7696.834033
11.690917,82,7711.302473
10.410136,72,7724.663862
12.107777,91,7741.360167
11.369586,83,7756.808364
11.598922,83,7771.530373
11.397635,84,7786.772847
12.427128,93,7803.454584
12.282915,85,7818.499608
11.540209,83,7833.845364
11.446063,83,7849.093572
10.159088,70,7861.910576
11.480831,80,7876.141084
11.386491,84,7891.768149
10.614927,77,7905.430691
11.337184,80,7920.174307
11.047553,79,7934.643414
10.662929,77,7948.243393
11.323222,81,7963.322575
11.814995,85,7980.100883
11.549878,84,7995.910984
11.342336,80,8010.951806
12.271913,87,8027.433162
12.533323,90,8044.276626
11.49006,84,8060.188962
12.940983,97,8078.240057
12.108983,89,8094.872133
10.787374,81,8109.683871
10.072818,75,8123.683726
12.232254,86,8139.103686
11.510439,83,8154.405836
10.833846,80,8169.012003
10.941736,77,8183.282044
11.238841,79,8197.892824
12.24199,92,8214.889956
12.215689,90,8231.591712
11.780553,90,8247.940769
12.045965,88,8264.218903
10.943629,78,8278.54506
11.422016,82,8293.755007
10.798654,81,8308.497756
12.511434,94,8325.585951
12.410481,90,8341.588012
11.727769,85,8356.557691
12.335873,92,8374.274514
11.527299,86,8390.542698
11.499986,87,8406.689311
12.337614,93,8424.245269
11.736161,84,8439.829431
11.747896,89,8455.750189
11.705528,88,8471.654012
11.496159,82,8486.444999
11.526864,83,8501.169026
10.49134,75,8514.347312
11.573534,89,8530.656508
11.183904,81,8544.766794
12.467074,92,8560.868203
11.329359,84,8576.50718
11.604022,83,8591.471567
12.188563,90,8607.575013
12.01479,88,8623.651767
12.011256,87,8639.85606
11.560845,84,8655.353718
11.447395,84,8670.831158
12.603643,89,8686.439659
11.797951,87,8701.983379
11.073057,78,8716.258432
11.728353,81,8731.430553
12.082872,87,8747.708439
11.17656,83,8763.161711
11.196085,83,8778.135203
11.755535,89,8793.911774
12.086713,89,8809.888481
11.08554,85,8826.201639
11.211129,82,8840.98824
11.04113,82,8855.888518
11.813581,89,8872.473588
11.142026,83,8888.171435
10.449859,73,8900.946041
11.325845,84,8915.435437
11.678395,85,8930.606773
11.515234,86,8945.986732
12.712393,97,8963.517785
12.20168,89,8979.405784
11.451019,81,8993.90226
11.414951,80,9007.629518
11.238642,78,9021.560364
11.875428,86,9036.855408
11.320058,85,9052.893282
10.878311,76,9066.818543
11.224767,82,9080.763056
11.339268,79,9094.945739
10.704507,79,9109.427141
12.191953,88,9125.593232
11.39644,78,9139.33402
13.094745,96,9157.065362
12.905488,90,9173.868774
10.039903,76,9187.323599
11.748364,88,9203.103565
12.616273,92,9219.862454
12.118449,91,9235.755299
10.873211,81,9250.154973
11.581687,80,9264.496038
11.628122,86,9279.817584
11.096818,82,9294.742575
11.673122,88,9310.975343
11.401904,86,9326.147931
11.368936,84,9341.62482
12.071865,86,9357.13396
11.911162,88,9373.07695
10.980946,81,9387.852475
11.543144,85,9402.781265
11.391244,81,9417.364368
11.799421,82,9432.729341
10.141423,71,9444.609741
10.778317,78,9458.86833
10.865257,80,9473.85477
11.823933,87,9490.157352
11.050192,83,9505.130738
10.78949,80,9519.632501
11.076246,82,9534.475721
11.33419,81,9549.79157
11.18669,78,9564.033664
12.067875,87,9580.310268
12.20659,90,9597.173144
11.095045,85,9612.648288
11.453619,89,9628.73089
11.647711,83,9643.319987
10.620545,73,9657.413683
11.476706,84,9672.838287
11.70633,90,9690.228903
12.406093,90,9706.957027
11.811154,88,9723.22231
11.382559,85,9738.310412
12.574947,91,9755.360583
11.895395,86,9772.009289
11.908964,89,9788.117363
11.291867,83,9803.288832
12.106052,88,9818.86567
11.549099,87,9834.921382
10.836983,77,9848.749688
12.111779,91,9865.244133
10.765957,78,9878.94659
12.035204,86,9894.608845
12.26045,91,9910.861042
11.496783,83,9925.153185
12.318753,92,9941.030001
11.27379,81,9956.230023
12.275623,85,9971.475538
11.621588,81,9985.994429
10.801034,79,9999.504948
11.02645,81,10014.009839
9.653833,65,10026.188034
10.766441,78,10040.397606
11.754451,83,10055.283965
12.077006,90,10072.491217
10.327545,71,10085.307775
10.108079,70,10098.789451
11.495815,87,10114.559286
11.516078,82,10129.012948
11.644974,88,10145.379093
11.086831,82,10160.107905
11.316315,82,10174.747947
12.059614,92,10191.673304
12.292159,88,10207.277207
11.664825,83,10222.103726
11.926324,86,10237.783899
12.022216,89,10254.179484
11.145763,83,10269.707972
12.189439,86,10285.046684
11.148701,81,10299.707376
11.582825,81,10314.783406
10.985594,79,10329.099371
11.865031,89,10345.720487
11.289684,83,10361.337419
12.348121,93,10377.851345
11.433914,82,10392.58984
12.056381,91,10409.103462
12.084718,89,10425.481899
10.82804,81,10440.478227
12.616894,92,10456.91202
11.436573,81,10471.940879
11.416606,83,10486.384871
12.096522,90,10502.289546
11.694696,82,10517.973941
12.185049,88,10534.352234
12.198819,89,10550.621323
12.455828,87,10566.874439
11.9706,87,10582.946679
11.726109,85,10598.923368
11.206163,80,10612.90918
11.859154,88,10629.038575
11.737634,82,10644.189173
12.016957,87,10659.849073
10.840027,79,10674.662516
10.974081,80,10688.961615
11.357452,86,10705.039958
12.147505,91,10722.645469
11.74724,87,10738.993173
11.384238,82,10754.155608
11.809574,88,10771.215813
12.680428,94,10788.357117
11.437402,82,10803.156286
11.886065,86,10819.349492
11.89613,82,10834.286034
10.742493,75,10848.122927
12.033561,88,10864.100939
12.680717,95,10881.664773
12.029443,91,10898.610386
11.694038,84,10913.962205
11.839138,88,10930.200964
11.475127,83,10945.650687
12.39348,87,10961.485806
11.676406,83,10976.185433
11.860698,90,10992.259016
12.057553,91,11008.598363
11.157691,81,11022.681257
11.699178,84,11038.441715
11.491275,84,11053.831894
12.67953,97,11071.380075
11.267749,78,11085.435524
11.225229,81,11100.268697
10.822118,76,11114.654875
10.780353,81,11130.386502
12.458938,90,11147.55821
12.198387,89,11163.783823
12.078709,89,11180.577924
11.371304,85,11196.486119
11.579651,84,11212.135528
11.600537,84,11227.510703
12.303198,91,11244.111593
12.002602,88,11260.106497
12.076623,92,11276.992713
11.354481,76,11291.071374
11.289187,82,11306.014311
12.294623,85,11321.102859
12.214022,88,11336.863048
12.711987,89,11353.347317
11.730346,89,11370.304677
12.006937,88,11386.775215
11.738495,85,11402.346918
11.277564,76,11416.345807
12.011551,90,11433.693104
12.482982,86,11449.542321
11.507766,85,11465.732957
-0.056568,69,11478.741472
11.979143,82,11493.941379
12.409212,91,11511.126392
12.02917,86,11527.381076
11.431333,86,11543.199858
11.867178,88,11558.93783
13.801614,95,11575.877873
11.61119,88,11592.062463
11.175274,81,11607.310791
11.494944,83,11623.342784
11.728518,86,11639.937684
11.362547,86,11656.342056
10.773373,77,11670.450208
11.580273,82,11685.815828
11.426058,84,11701.402287
11.755206,84,11717.079468
11.020323,79,11731.536072
10.824033,79,11746.141044
10.688647,76,11759.987058
11.587834,83,11774.928576
11.298394,80,11789.326171
11.431291,83,11804.371021
10.568581,82,11819.608294
12.231025,90,11836.331021
11.063563,83,11851.16023
11.696951,87,11867.068148
10.732462,77,11881.132206
11.879584,85,11896.976087
11.728799,83,11912.525869
11.632542,86,11928.583378
11.398171,81,11943.211015
12.54242,96,11961.35746
11.75715,87,11977.618442
12.468926,90,11993.722653
11.762949,85,12009.080215
11.424499,83,12024.406538
11.514316,83,12039.755954
11.877146,85,12055.607084
11.594755,82,12070.818586
10.624018,78,12085.272632
12.322679,93,12101.713063
12.212794,86,12118.473962
11.612678,86,12134.247131
10.240159,71,12146.953097
11.314513,79,12161.51006
11.497127,84,12177.789189
11.809972,81,12193.085969
12.00561,86,12209.129902
12.966336,93,12226.361448
11.004584,80,12241.110254
10.428482,71,12253.624966
11.520522,85,12269.362274
12.246964,89,12285.897958
10.735875,77,12300.208213
11.097648,77,12314.630255
12.789809,91,12332.281142
11.113663,78,12346.649188
12.075982,87,12363.745141
11.661331,84,12378.788581
12.053842,85,12394.063959
11.00496,81,12409.076434
10.568211,72,12422.586603
11.171336,78,12437.694499
10.752225,78,12451.625439
12.687763,95,12468.680194
11.931469,88,12485.240964
11.973404,86,12500.830164
11.684882,84,12516.015188
11.006789,83,12531.378686
11.650523,84,12546.929437
11.054366,85,12562.81331
11.122077,83,12578.197085
12.204789,90,12593.958475
11.466569,81,12608.474293
11.490473,81,12623.417213
10.972124,80,12637.722762
11.422718,85,12652.646522
11.025088,78,12667.184643
11.962982,87,12683.309077
11.979509,87,12698.747133
11.86243,86,12714.876366
11.985348,89,12731.903668
12.029947,88,12747.472964
11.322591,80,12762.596745
12.265318,89,12778.813326
11.546152,83,12794.31226
11.292101,82,12809.078052
11.788284,87,12825.459237
10.861326,76,12839.772086
12.872204,94,12857.198005
11.114296,81,12872.118035
12.169923,90,12888.577619
12.588671,89,12905.004066
12.436432,91,12922.407679
11.343515,81,12937.355086
12.165583,94,12954.533932
11.830101,87,12971.174366
11.679089,84,12986.622239
11.368381,83,13001.755572
11.575942,85,13018.036502
11.640311,88,13034.151384
12.604848,90,13051.709138
12.484149,93,13068.961926
11.575199,82,13084.571591
11.87102,84,13100.821121
11.457932,78,13115.472437
9.786083,71,13128.805192
11.503269,82,13144.220953
12.480556,93,13161.589483
12.389755,86,13178.194661
11.70359,86,13194.257873
10.906578,83,13210.056069
12.229709,91,13226.872308
11.923227,87,13242.588653
12.048699,86,13258.201086
12.47964,90,13274.357608
11.985259,87,13290.69992
10.955949,81,13306.029655
11.433734,88,13322.345061
11.881636,86,13337.911463
12.504376,94,13355.245584
10.746169,76,13369.861015
11.913926,85,13386.020065
12.18637,89,13402.117579
12.042713,88,13418.332103
11.556982,87,13434.290345
11.157091,81,13449.189801
10.98363,83,13464.362071
11.712925,89,13480.192437
10.70385,77,13494.318669
12.073793,91,13510.68775
12.121016,87,13526.855719
11.351821,84,13542.035431
12.649738,88,13558.124537
11.809548,90,13574.508317
11.133004,83,13588.941482
12.127598,94,13606.201878
12.334248,87,13622.43194
12.925346,92,13639.621539
11.845609,86,13655.602214
10.858507,78,13670.166936
11.443282,82,13684.738551
11.781712,84,13700.133679
11.643276,90,13716.415174
11.894703,88,13731.885214
11.147119,85,13747.369052
9.82625,70,13760.142481
11.631132,88,13776.28031
12.995081,96,13793.577309
11.344353,82,13808.743731
11.896603,85,13824.469948
11.095877,81,13839.493071
11.408446,81,13854.427917
10.539887,77,13868.369526
12.10223,87,13884.411258
11.908758,84,13900.152015
12.214029,89,13916.142994
11.636196,82,13931.853168
11.966083,83,13947.059768
11.624195,82,13962.520736
11.436313,85,13978.147729
12.49849,96,13996.022728
12.93901,94,14013.525607
11.186696,82,14028.509794
11.915181,85,14044.102975
12.50149,92,14060.751536
12.204945,89,14076.626023
11.444198,84,14091.957129
11.859293,86,14107.090971
11.40552,79,14121.969522
11.631176,85,14137.310384
11.438578,85,14152.686208
12.289327,89,14168.579308
11.29962,81,14183.488449
12.661155,91,14199.896286
11.686931,83,14214.930906
11.08563,80,14228.73546
10.505739,80,14243.420971
12.364433,91,14259.973719
11.22581,83,14275.480291
11.768664,84,14290.15968
11.125819,80,14304.434903
12.631047,91,14320.44314
12.601088,90,14337.280676
11.271659,81,14352.071917
11.677706,85,14367.290855
11.529508,83,14382.352956
12.343852,87,14398.063648
11.3047,79,14412.442384
11.664367,85,14428.517847
10.702039,77,14442.285625
13.004477,101,14461.266156
11.42496,83,14476.057283
11.100277,82,14491.181429
11.890968,83,14506.332299
11.766249,83,14521.962611
11.61724,88,14538.595567
12.503029,89,14555.43813
11.825889,81,14570.489362
12.541406,90,14586.608857
10.862374,80,14601.078888
11.605699,84,14615.928632
12.323927,89,14632.788042
12.312589,88,14649.458972
12.398806,92,14666.24284
12.299696,86,14681.892051
11.539998,86,14697.392906
11.805086,79,14712.054544
11.372192,76,14725.951002
11.341514,82,14740.97833
11.543203,82,14756.170358
11.382071,81,14771.315228
11.867755,90,14787.414015
12.523864,93,14804.406367
11.477313,84,14820.412393
11.91206,87,14835.79838
10.334658,72,14848.666488
12.448213,91,14865.349801
11.72188,87,14881.650965
11.70892,87,14897.857288
12.034209,89,14914.027157
11.887259,88,14929.729058
12.287452,89,14945.929166
11.391542,85,14961.270805
11.528916,86,14976.153452
11.869013,86,14991.324197
10.698996,76,15005.052987
11.737429,88,15020.994186
10.989877,81,15035.761096
11.928511,86,15051.608324
12.045151,87,15067.251124
12.513149,92,15083.567719
11.134802,80,15098.537492
12.28799,88,15115.183879
11.669383,90,15132.239147
11.44246,82,15148.012867
11.363087,85,15163.298499
12.065026,86,15179.587022
11.242147,84,15195.124418
12.465498,91,15211.741198
12.202057,92,15228.239405
12.799609,94,15245.708317
11.596441,81,15260.171615
12.133649,86,15275.897681
12.011741,87,15291.818987
12.125655,86,15308.461999
11.986674,86,15323.441233
12.215621,91,15340.019708
12.071134,90,15356.458586
11.433576,81,15371.8285
12.045661,91,15388.554735
12.563365,90,15405.836772
10.441564,75,15420.881529
11.239517,81,15435.272926
10.790817,78,15448.793711
11.308411,82,15463.378191
11.36234,83,15478.56691
12.18488,84,15494.279281
11.669092,84,15509.905419
10.592181,75,15522.75135
10.165312,75,15536.44557
12.75984,98,15553.932382
10.130892,68,15565.957153
11.651954,87,15582.566634
11.778852,87,15599.298659
12.121106,90,15615.83208
11.154193,81,15630.620692
12.728199,91,15647.288259
11.977667,88,15663.287891
11.11592,78,15677.521769
12.641848,92,15693.964543
11.346966,82,15708.646106
11.607992,87,15725.261014
11.898723,86,15741.053157
11.106402,83,15756.910984
10.908441,82,15771.57019
11.738504,84,15786.404467
10.940861,80,15801.30743
11.972662,86,15817.014723
11.680089,86,15833.134559
12.466093,92,15850.084377
12.541077,89,15866.254257
11.212144,85,15881.811216
11.834202,91,15897.92688
11.989407,88,15914.521863
10.68472,80,15929.707133
11.89773,89,15946.556449
11.275637,77,15961.237067
11.700766,86,15976.819324
11.788652,85,15992.035551
11.691318,85,16008.39559
10.794416,77,16023.210029
10.462268,73,16036.870795
11.726051,86,16053.320643
12.566404,87,16069.110748
11.780078,83,16084.156054
12.530014,89,16100.895368
11.501271,84,16117.030751
11.888973,83,16132.296654
11.896651,89,16148.18745
12.673186,95,16166.119672
10.150006,69,16178.917279
11.739007,81,16193.525636
10.350998,74,16207.054741
11.558846,86,16221.954691
12.420205,88,16238.063713
11.664191,85,16253.424437
11.484088,86,16269.195328
10.651922,76,16282.915228
11.901391,87,16298.438231
11.719681,89,16315.322767
11.838115,83,16330.67235
12.045149,91,16346.974225
12.582056,93,16363.769134
11.457906,80,16378.885623
12.504324,94,16396.271427
11.002316,79,16411.339904
12.129041,88,16428.09643
11.565013,83,16443.540274
12.299174,90,16460.425005
12.787132,91,16477.037704
9.850853,69,16489.188452
12.128051,84,16504.714263
11.454579,84,16519.87319
12.698697,90,16535.640441
11.810399,84,16550.948447
11.625539,84,16566.180468
11.671817,84,16581.460823
11.856523,87,16597.598123
11.516385,83,16612.092194
12.941663,99,16630.336886
11.863719,86,16647.108228
11.605758,87,16663.198221
11.397458,82,16678.254225
11.88361,91,16694.487529
11.443006,83,16709.565436
11.772596,86,16725.449066
11.437378,78,16740.857586
12.03687,90,16758.167183
11.501846,84,16774.38766
11.743419,87,16789.916974
11.660156,86,16805.838112
11.611842,81,16821.107818
12.108458,89,16837.288482
11.944014,86,16852.740962
11.548883,86,16868.514935
11.144548,80,16882.685052
11.937612,81,16897.430598
11.936791,84,16913.31154
11.750658,82,16928.415612
12.428942,90,16944.319097
11.147841,81,16959.550547
12.754746,92,16976.305009
11.962105,88,16993.008102
10.761591,72,17006.393355
11.171971,82,17021.169801
11.624005,88,17038.003039
11.560692,86,17053.609536
12.51896,95,17071.090707
12.459563,95,17088.904564
11.80546,85,17104.567331
11.051006,77,17119.094595
12.080436,87,17135.092707
11.836517,90,17151.308722
12.529822,90,17167.710859
10.965592,80,17182.535156
12.366259,86,17198.481228
12.220446,87,17214.340714
12.07086,88,17229.987425
11.279204,80,17244.455457
11.687396,86,17260.492261
11.401463,85,17276.805596
12.264187,90,17293.396442
11.546258,87,17309.371638
10.950796,78,17323.639195
11.668874,86,17339.279974
11.943915,84,17354.591958
11.059905,80,17369.597991
12.164141,88,17385.809307
11.945182,87,17402.424206
12.378484,90,17418.589129
11.897891,84,17433.822078
11.649312,84,17449.260459
11.588516,82,17464.150026
12.239116,87,17480.330765
12.397919,89,17496.732112
12.608025,93,17513.767488
11.845657,84,17529.973861
11.244754,76,17544.235524
11.366121,84,17560.138941
12.250023,88,17575.886482
11.224502,81,17591.12117
11.341714,84,17606.428964
12.143767,88,17622.030561
12.353887,90,17638.749445
12.105347,92,17655.674068
10.923637,80,17670.912905
11.098511,79,17685.880542
12.168167,92,17702.8327
11.701118,83,17718.61194
11.575104,86,17734.250924
12.149302,86,17750.437997
11.360006,78,17764.96832
11.568802,82,17780.262197
10.63237,71,17793.447613
11.124121,79,17808.373945
11.689928,85,17824.229453
11.811633,87,17840.806996
12.435837,87,17856.850504
11.291801,81,17871.202329
12.401763,92,17888.680301
11.739966,79,17903.31038
11.299123,81,17918.453498
12.262002,92,17935.723932
12.277889,88,17952.199021
11.857828,89,17968.955623
11.290961,84,17984.489655
12.533122,95,18002.304884
11.175618,81,18016.601639
10.589686,76,18031.278905
12.191784,89,18047.782385
12.032931,87,18064.070683
11.613229,86,18080.017507
11.740851,81,18094.89049
12.347145,88,18111.588576
11.815814,86,18127.610704
12.003098,91,18144.582377
11.685277,81,18159.846615
11.353592,83,18174.885965
11.616428,84,18190.575682
12.503103,90,18207.075799
12.057783,92,18224.192561
11.362431,81,18239.509343
11.843543,87,18256.363635
12.543904,94,18273.578687
10.833681,76,18287.697578
10.861474,81,18302.393207
12.34673,92,18319.710886
12.477127,87,18336.063218
12.252736,90,18352.340619
12.521829,96,18369.429935
12.185353,91,18385.509008
12.1609,87,18401.677891
10.20256,72,18415.703054
11.676626,84,18430.804335
11.083435,78,18445.294439
11.735923,85,18460.841178
12.049664,86,18476.257933
12.139696,89,18492.917699
12.267205,94,18510.702329
11.991251,85,18526.853232
12.139349,91,18543.334249
11.563433,84,18558.798852
11.972923,88,18574.343032
11.923813,82,18589.600886
11.601918,88,18605.737643
11.879095,82,18620.016009
11.658595,86,18636.252656
11.384787,77,18650.219309
11.485479,85,18665.607233
11.843748,87,18681.724134
10.26289,72,18695.351218
11.920772,86,18710.961133
11.796358,86,18727.068823
11.540466,86,18742.42621
11.944284,83,18758.100971
11.485365,81,18773.256011
11.40677,84,18789.827641
11.223916,86,18806.322492
11.301873,84,18822.476902
12.002521,90,18840.129864
12.348375,92,18857.092394
11.006016,79,18871.699329
11.87778,89,18889.102702
12.071253,83,18904.829507
12.00414,88,18922.304417
11.231939,85,18938.353552
10.327671,76,18953.11696
11.905785,91,18970.261986
11.491824,83,18986.278695
11.225735,79,19002.610633
11.789208,87,19018.819116
12.859044,93,19036.477008
12.061388,90,19053.624029
11.984441,92,19070.917949
12.058106,84,19086.825722
11.810218,85,19102.80922
12.454986,98,19121.702429
11.839725,89,19138.630847
12.041198,92,19155.964635
10.639083,80,19171.398261
11.823315,84,19187.556357
11.311882,81,19202.19194
12.378989,87,19218.494711
11.024543,78,19232.788373
10.93513,74,19246.549545
12.707,98,19264.87045
11.857666,87,19281.301507
11.75472,91,19298.059327
11.614592,83,19313.441131
11.758759,85,19330.683988
11.935739,88,19347.535914
11.500073,85,19363.526314
11.134223,79,19378.492284
11.11176,83,19395.367209
11.120215,81,19410.488069
11.68822,83,19426.688603
11.376449,78,19441.443771
12.04831,87,19458.355529
12.633528,92,19475.488516
12.50356,89,19492.51302
11.664274,85,19508.355403
11.165945,81,19523.03223
11.814193,87,19539.410877
11.474473,83,19555.48015
12.65961,92,19572.98603
10.583801,76,19587.474895
12.154647,89,19604.146981
12.658137,93,19620.989151
11.974251,85,19636.366049
12.252383,92,19654.70954
12.657648,95,19672.954998
11.677228,85,19688.898392
12.223366,94,19707.542444
11.561406,84,19722.852002
11.821281,85,19738.426192
10.902702,77,19753.459625
12.171867,89,19770.944034
12.5827,92,19788.822862
12.092809,91,19805.848685
12.534642,92,19824.002527
12.816677,95,19841.607013
11.703805,86,19857.503619
11.556183,83,19873.064362
11.533322,80,19887.946312
12.226016,88,19904.076285
11.484999,81,19919.598957
11.582054,85,19935.971826
12.249999,88,19952.544378
11.67245,86,19968.770374
11.191049,82,19984.322143
11.929048,88,20000.722061
12.979764,92,20018.545082
12.6994,90,20034.943834
10.830044,81,20049.751615
11.543667,86,20067.017751
11.246198,86,20082.676979
11.76603,88,20099.207501
10.686705,76,20113.746364
12.467179,90,20131.43016
11.715743,83,20146.908029
12.25239,86,20162.487929
12.18168,91,20179.524683
12.138564,93,20196.862436
12.605141,91,20213.989835
12.490005,91,20231.143952
11.728472,88,20247.295647
13.132409,95,20264.827748
11.520471,83,20280.208186
11.676511,84,20296.321592
10.958234,83,20312.046312
10.722735,79,20327.798613
12.791568,93,20345.79713
11.295745,82,20361.520597
11.922623,82,20376.61916
12.404351,96,20394.448287
11.62315,90,20412.46596
12.370405,88,20429.195042
11.698498,85,20445.238872
11.694022,87,20461.210051
12.836169,91,20477.842189
12.306237,86,20493.334622
12.235306,89,20509.805516
13.172901,92,20526.876366
11.111847,82,20542.97023
11.707543,86,20559.127976
12.305592,90,20576.072969
12.346358,88,20593.423832
11.251258,84,20609.607401
13.350966,96,20628.106439
11.773367,85,20643.619643
11.869955,86,20660.262986
12.616356,88,20677.061933
12.060374,90,20694.192707
11.472406,79,20709.737486
11.582673,79,20724.229542
12.227711,93,20740.994262
10.605236,81,20756.083082
12.096888,87,20772.101171
12.733072,90,20788.760536
11.340463,83,20803.956398
10.499516,77,20817.786248
12.478053,89,20834.281472
12.036074,90,20850.995241
11.908477,85,20867.479264
12.168792,90,20883.565586
10.767546,80,20898.898229
10.628415,77,20913.992553
12.67853,95,20931.487171
12.418635,87,20947.978166
11.955893,88,20964.006675
11.490151,85,20979.789615
10.964263,79,20994.996129
11.840889,84,21010.610353
12.664688,94,21027.77393
11.450295,81,21043.399636
11.199501,81,21058.570965
11.709789,89,21074.983235
12.298035,88,21091.039869
11.706348,87,21107.125446
11.195574,84,21123.329023
12.035234,89,21140.735225
12.274825,90,21157.638338
11.298064,79,21172.069184
12.156506,96,21189.989271
12.305147,88,21206.486924
12.613083,90,21222.993798
12.344607,88,21239.009506
11.717879,86,21254.533203
9.919856,70,21267.798672
12.19932,94,21285.974939
11.669756,80,21300.751172
12.627637,92,21318.525345
11.590465,84,21333.875889
11.455479,81,21349.08367
11.443309,82,21364.428399
11.082219,81,21379.789445
-0.896783,61,21390.79458
11.454539,86,21406.782905
11.728472,85,21422.589242
11.362036,80,21437.80232
11.813089,89,21454.205528
12.381356,94,21471.784992
11.895593,88,21487.716652
11.166897,84,21504.269478
12.546796,94,21522.220455
11.498588,85,21538.880415
12.885151,92,21555.397288
12.408952,86,21571.636881
12.644662,90,21588.786939
12.303536,91,21606.712763
11.14815,80,21622.098466
10.997335,76,21636.807944
11.229288,78,21650.94754
10.743219,77,21665.24999
12.171144,89,21681.89279
12.295659,92,21699.613612
11.659526,82,21715.515856
12.821208,95,21733.615232
12.007257,89,21750.373707
11.297902,83,21766.33545
11.595318,84,21782.250865
11.250626,77,21796.713933
12.214505,86,21813.927927
11.553549,82,21829.977625
11.789138,83,21846.120772
12.747905,99,21863.941679
11.965392,85,21880.488802
12.951541,93,21898.730517
11.315024,84,21914.506602
12.849657,93,21932.108392
11.242182,82,21947.972121
11.890081,88,21964.69257
11.422026,83,21980.966413
12.37762,95,21999.105753
10.908323,77,22013.372073
11.507586,80,22028.352032
12.427376,97,22046.95886
11.955236,85,22062.856953
12.729245,92,22080.487299
11.472932,77,22095.62668
11.744618,83,22110.964346
10.873348,76,22125.30151
12.406976,90,22142.137588
12.260439,92,22159.861449
12.218449,91,22177.787769
11.174198,79,22193.223094
10.857328,76,22207.03208
10.828508,78,22221.727619
11.646897,85,22238.420932
12.864412,93,22256.130284
11.523979,84,22272.178854
12.108097,90,22290.40911
11.897487,85,22306.970209
11.494448,82,22322.565717
11.697836,87,22338.980077
12.016845,89,22355.664615
12.977807,100,22375.292921
11.404066,84,22390.650654
11.468334,84,22406.800272
11.134399,80,22422.222044
12.007297,88,22439.1508
11.216019,82,22454.757948
12.305998,88,22471.761016
12.556461,91,22489.173997
11.01623,78,22503.65735
12.209037,92,22521.633304
11.936677,85,22538.290708
11.518658,82,22554.734159
11.649725,86,22571.206258
11.400039,81,22586.791869
11.666175,88,22604.153199
11.70417,81,22619.736323
12.455953,86,22635.427011
12.692332,94,22653.117161
12.70911,93,22671.813268
11.976613,82,22687.812754
11.548609,82,22703.633211
11.485935,83,22719.644792
12.105719,88,22736.934198
11.559419,85,22752.992342
12.897976,95,22771.521805
11.868916,87,22788.9056
11.981388,81,22804.354264
11.655807,87,22821.028817
11.986074,87,22837.961399
12.761927,95,22855.291708
12.190403,88,22872.198667
11.362601,83,22888.537654
11.78527,84,22904.78124
10.537404,75,22919.83865
12.420925,97,22939.319901
11.94721,81,22954.89497
12.271961,93,22973.365823
10.980545,80,22989.377276
11.777297,86,23005.863027
12.256963,93,23023.487555
11.836467,87,23040.395832
12.049691,88,23057.462758
12.75396,99,23077.132593
11.039283,82,23093.157071
11.689915,86,23110.132512
11.43696,82,23126.758011
11.397314,81,23142.400308
11.243259,79,23157.633979
11.998677,93,23175.056576
11.148438,81,23190.957272
11.530833,81,23206.914372
11.049027,81,23221.91691
11.15786,83,23237.661324
11.799154,89,23254.484221
12.521423,93,23273.277944
12.151343,86,23290.12598
11.65426,82,23305.274164
11.909796,84,23321.489579
12.28717,86,23338.281213
11.834059,91,23356.64184
11.939626,88,23374.066417
11.168728,73,23388.968912
11.385539,84,23405.446301
11.220119,84,23421.714526
12.448643,94,23439.723404
11.671663,85,23456.214831
11.679782,87,23473.370315
11.456577,83,23488.7366
10.961989,77,23503.529237
11.453871,81,23518.279455
11.812856,84,23534.062586
12.343499,86,23550.489381
12.115703,88,23567.618109
12.619535,94,23585.467756
12.33533,89,23602.912597
11.442811,79,23618.338014
12.585254,93,23636.292747
12.654953,92,23653.51242
12.037986,92,23671.02927
10.385374,69,23684.378372
13.141602,97,23702.984967
11.865111,88,23720.084379
11.444685,83,23736.044842
12.790499,91,23753.632046
12.025425,91,23771.523372
12.154927,86,23788.025225
12.231473,89,23805.587762
12.700814,94,23823.473165
12.560152,93,23841.224622
11.712038,88,23858.268765
12.752618,90,23875.075858
12.150712,85,23892.467527
11.36985,82,23908.79795
12.026994,89,23926.287807
11.178329,84,23943.500707
12.297365,86,23959.99424
10.825805,74,23973.8959
11.532965,84,23991.172572
11.97997,87,24007.6739
11.978359,85,24024.122872
11.529594,76,24038.88159
11.772344,85,24055.291034
12.093197,91,24072.350075
12.545069,94,24090.379934
11.920543,90,24107.694944
11.888215,85,24124.403265
11.937599,90,24141.32267
11.8612,88,24157.777523
11.698628,85,24173.19663
12.482311,95,24191.348224
10.827393,77,24206.257084
11.904385,84,24222.461517
11.447262,83,24238.122915
11.516749,83,24254.084491
12.645164,92,24271.156037
11.083905,77,24285.813498
10.771983,79,24301.399604
11.969254,88,24318.618011
11.649064,80,24334.747811
12.034233,87,24352.128802
11.101001,78,24366.983755
12.334374,91,24385.181016
10.829488,76,24399.294903
12.153226,87,24416.241624
11.736756,85,24433.113581
11.462993,82,24449.51795
12.245394,87,24466.304651
12.748037,94,24484.703108
12.600541,94,24502.252144
11.587358,84,24518.650751
11.875276,88,24536.266351
12.029929,90,24553.427024
12.374893,87,24569.438789
12.65665,95,24586.989082
12.710713,92,24604.670427
12.033445,89,24621.844972
12.877401,91,24639.399624
11.907729,85,24655.636483
11.488934,80,24670.632486
12.409735,86,24688.517405
11.884073,85,24704.515635
11.725942,82,24720.222063
11.915969,86,24737.189844
12.081115,84,24753.51776
12.160846,92,24771.752101
12.481037,90,24789.353678
12.383175,91,24806.810633
12.532096,92,24824.420029
11.912312,88,24841.989977
11.211778,79,24857.665945
12.293314,88,24874.518611
11.937022,90,24892.445733
12.023956,86,24909.246325
12.130484,96,24928.396359
12.106972,87,24944.693225
12.619579,97,24963.389655
12.221374,83,24978.983587
11.869559,88,24995.417078
11.738581,86,25011.989391
12.524464,93,25030.489328
11.554302,80,25046.289496
9.795123,67,25058.93764
13.086744,97,25077.425979
12.212915,91,25095.003495
12.041096,88,25112.126693
12.859209,95,25131.120716
11.498846,82,25147.390883
11.736851,86,25164.133096
12.461153,91,25182.135169
12.633659,92,25200.038262
11.886676,90,25217.757031
10.8921,83,25233.883089
11.520265,88,25251.583603
11.128292,84,25267.6358
12.581342,89,25284.782519
12.331029,92,25302.31971
11.72863,79,25317.249535
12.984341,94,25335.623933
11.883564,90,25354.007695
11.490848,84,25370.923247
12.538688,88,25387.88903
12.368979,86,25403.71893
11.845221,87,25419.934582
12.333399,91,25437.704517
12.244967,90,25454.865895
12.051124,89,25471.758903
11.754847,84,25488.544534
10.151322,71,25502.269797
11.688631,85,25518.305797
11.924751,83,25534.116689
11.897878,91,25552.52247
12.014935,84,25568.713727
11.709082,84,25585.061881
12.247751,86,25601.059145
11.207373,83,25617.267429
12.493058,89,25634.952983
11.388372,83,25650.787491
11.246438,84,25667.215869
10.856829,82,25682.830725
11.168966,78,25698.050458
12.790228,94,25715.770586
11.50464,83,25732.098499
12.148675,88,25748.716906
11.85636,85,25765.649843
11.780065,84,25782.073294
12.621228,96,25801.014467
13.241472,91,25819.362167
11.731471,85,25835.54205
11.440097,84,25852.206512
12.257485,89,25870.321761
12.218549,88,25887.307314
11.578235,83,25902.860623
12.172891,92,25920.919853
11.999656,90,25937.95054
12.287747,91,25955.493305
11.737033,85,25972.037514
11.499976,83,25987.903537
11.547969,85,26003.992377
12.055931,87,26020.921138
11.116967,78,26036.218853
12.360737,92,26054.027171
11.537829,81,26069.637805
11.215146,82,26085.329998
11.333274,83,26101.422266
12.602624,88,26118.415543
12.373964,95,26136.928022
11.610546,82,26152.226326
11.167608,79,26168.445807
11.585454,84,26184.977981
12.700339,95,26203.4162
11.177316,78,26218.413685
12.283855,89,26236.063822
11.806875,89,26252.545518
13.135064,94,26270.974357
12.045409,87,26288.569868
11.774437,82,26305.045465
11.226235,77,26319.987598
12.900868,96,26338.35374
11.719081,86,26354.629654
12.096481,90,26372.187163
12.074759,92,26390.198514
11.591578,85,26407.050156
12.247744,92,26424.647856
13.0454,94,26442.966022
11.421032,86,26459.90153
12.511227,91,26477.820652
12.574524,88,26494.953268
11.395404,79,26510.704569
12.29906,88,26527.974742
11.686053,88,26545.322331
12.483562,94,26563.733528
12.718042,95,26582.966699
12.605418,89,26600.486934
10.876545,82,26616.528125
12.034432,87,26632.736683
12.077928,89,26650.345392
11.274489,81,26666.264046
12.250498,90,26683.070212
12.056236,88,26699.802716
10.459515,77,26714.993057
12.50181,91,26733.392186
12.233638,88,26750.390882
12.119896,89,26767.365983
11.844236,89,26784.50272
12.200248,85,26801.176506
12.458915,89,26818.424045
11.081259,79,26833.356678
11.682346,85,26850.29637
12.682407,91,26868.669876
10.564912,74,26883.323608
11.756495,82,26898.655346
12.401829,93,26916.295839
12.246311,86,26932.045128
12.355015,88,26948.95484
11.803402,88,26966.123124
12.929961,95,26984.410239
12.721486,91,27002.353405
12.318881,91,27020.24293
13.134416,96,27038.587984
12.067436,87,27055.246248
12.154322,89,27072.221303
11.998542,88,27089.824948
11.771772,88,27106.009289
11.02043,80,27121.455485
11.543313,80,27137.292307
12.581116,87,27155.411846
11.471592,86,27171.940346
12.059908,85,27189.025062
12.743409,95,27207.863578
11.449121,82,27224.264763
11.558334,81,27239.903875
12.004222,85,27257.360009
12.095886,89,27275.363753
11.740942,88,27292.718957
11.924055,91,27310.150322
11.804973,86,27326.429083
11.922539,88,27343.739043
12.346547,86,27360.191671
10.993861,78,27375.238386
11.289383,83,27391.552076
12.645349,95,27410.204941
11.509561,82,27425.1823
11.559647,83,27441.68557
11.926223,89,27458.929712
11.97316,88,27475.450922
12.350684,87,27492.158918
11.558828,83,27508.672331
11.302764,81,27525.102956
12.428501,90,27542.282589
12.847485,98,27562.087123
12.546949,88,27579.390182
12.653228,94,27597.824791
11.723789,82,27613.676763
11.222389,81,27629.931894
12.886665,97,27648.849833
11.339154,80,27663.664801
11.684122,84,27679.813627
11.9144,87,27696.739947
12.467785,88,27713.462118
11.570579,80,27729.366882
11.156195,81,27744.545041
11.898598,85,27760.702197
12.191726,92,27778.285262
11.989534,89,27795.860875
11.851839,86,27812.686349
12.171484,91,27829.775782
10.762975,78,27845.940617
12.079253,86,27862.132609
12.313105,87,27878.338694
12.340292,92,27895.262733
11.44225,85,27911.689286
11.195382,81,27927.194716
11.87837,88,27943.842956
12.165466,93,27962.473084
11.294971,79,27977.387701
11.337235,84,27993.834885
13.106745,93,28011.407328
12.446581,93,28029.392232
11.993292,87,28046.612406
12.664922,89,28063.7425
11.39024,82,28078.97044
12.140995,92,28096.441572
12.517247,94,28115.119559
12.57992,91,28132.613574
12.272874,89,28149.737095
11.707078,85,28166.407295
11.739832,81,28182.093746
11.553728,82,28198.141641
12.65095,93,28216.324505
11.806339,87,28233.353024
12.373202,91,28251.396531
12.580891,91,28269.356622
10.863772,75,28283.321788
11.519413,85,28299.521831
11.389969,80,28314.348151
12.245663,89,28330.568671
12.210589,88,28346.996117
11.301799,83,28363.287741
12.387496,90,28381.214437
11.452606,82,28396.092033
11.798063,89,28412.854148
11.812509,82,28428.152349
12.879869,95,28446.366059
12.314765,85,28462.981398
12.161018,92,28480.205076
12.784241,90,28497.975129
10.786445,77,28512.349871
12.307507,92,28529.754934
12.412858,86,28545.830757
11.006502,76,28559.969318
12.381782,90,28576.583145
11.903077,84,28592.215957
12.049578,90,28609.259053
11.410528,80,28624.182593
12.513733,90,28641.26256
11.98301,85,28657.369337
10.912633,76,28671.512637
11.465259,85,28687.211247
11.393068,84,28702.690554
11.458878,85,28718.881103
12.679988,88,28735.223871
11.10229,76,28748.909369
11.367257,83,28764.826928
12.503946,89,28782.18001
13.051383,94,28800.073233
11.536899,86,28816.560704
12.79763,92,28833.648615
10.980898,79,28848.865675
11.691383,84,28863.864864
12.251734,88,28880.897501
12.126053,87,28897.131515
13.114546,93,28914.734049
11.164469,83,28930.474211
10.202227,76,28944.958096
11.817778,87,28960.870905
11.784871,82,28976.088314
11.533051,84,28992.345497
12.291074,86,29008.964032
11.436065,81,29024.021331
12.709913,90,29041.097455
11.665134,84,29058.086496
12.063596,91,29075.691133
13.453332,99,29094.524167
11.190685,81,29109.900658
12.265563,91,29126.964653
12.579743,92,29143.805115
12.322242,91,29161.223159
11.503436,84,29177.72224
12.572624,85,29193.485487
12.188436,89,29210.74634
12.444581,87,29227.768209
11.371898,79,29243.559642
11.820134,85,29259.027681
12.317932,93,29276.356266
12.258367,86,29292.429321
11.304522,80,29308.014677
11.884912,88,29324.277631
11.822517,88,29340.631382
13.030476,96,29359.264134
12.808684,98,29377.379231
11.972508,87,29393.726283
11.450636,82,29409.377353
12.765942,94,29427.435584
12.295636,92,29445.762172
12.243298,92,29463.460767
12.343599,92,29481.076802
12.181627,87,29497.626804
11.814457,81,29512.909103
10.70445,78,29528.17014
12.653051,91,29545.014559
11.286,77,29559.938228
11.56396,85,29576.289047
11.41595,85,29592.451428
11.329948,83,29608.664269
11.962985,88,29625.697177
11.614696,86,29642.352603
11.362878,82,29658.109764
11.406118,81,29672.854103
12.102865,88,29689.842305
12.249655,93,29707.577201
12.28006,88,29724.074891
12.807209,96,29742.095189
11.882367,83,29757.891717
12.371443,88,29773.993704
12.112396,87,29790.73392
12.476293,88,29807.648312
11.999821,84,29823.546034
11.457042,81,29839.21514
12.066854,85,29854.959781
12.386466,91,29871.876735
10.052728,73,29886.117666
12.6258,90,29903.835867
11.165475,81,29920.115202
12.491691,96,29938.798697
11.319625,82,29955.307948
10.186648,72,29969.706456
11.654276,84,29985.935367
11.909627,87,30002.560625
12.217213,89,30019.97348
12.520979,92,30038.58518
12.000725,89,30056.705916
11.476891,84,30073.402656
11.445522,80,30090.130123
12.286608,91,30108.427588
12.759261,93,30126.798395
11.96079,90,30144.448355
12.311416,88,30161.714976
11.596555,83,30178.52732
11.876451,88,30196.629637
11.518768,87,30214.01839
12.637669,94,30232.613972
11.783362,85,30249.536292
12.095226,89,30266.984883
11.500635,84,30282.461768
12.912072,95,30300.195531
11.882457,84,30316.042362
11.433827,81,30331.203142
11.815261,89,30347.397851
11.48233,82,30362.832273
12.439587,92,30380.425422
12.045171,82,30395.555862
11.785409,86,30412.356297
11.634331,82,30428.005958
12.563938,93,30445.804228
11.895055,84,30461.197878
12.619715,90,30477.810014
12.532374,90,30495.032683
11.291013,78,30509.640581
11.87415,84,30525.028852
11.681391,80,30540.192358
11.238248,84,30555.79852
12.207879,90,30572.842595
11.366892,79,30587.563169
10.788168,77,30602.624014
12.625275,95,30620.762228
11.584606,86,30636.280801
12.329294,87,30652.660786
12.273054,85,30668.065599
11.420816,81,30684.031402
10.759955,78,30698.366526
12.563412,93,30715.313749
12.602218,94,30732.662011
12.100718,90,30749.037046
12.413243,87,30764.964838
12.191775,85,30779.885116
12.215895,92,30797.178219
12.545899,89,30814.255961
11.965561,91,30831.817603
11.926649,87,30847.447247
12.554889,95,30865.478387
12.157078,87,30880.952096
11.688997,82,30896.299149
12.565909,91,30913.56071
12.398397,89,30930.557397
11.7726,84,30946.508761
11.570263,83,30961.345345
12.293256,91,30977.985461
12.058841,88,30994.592628
8.764784,59,31005.713978
12.130098,83,31021.379211
12.977312,97,31039.668451
12.048992,85,31055.515594
12.670115,90,31071.99313
9.836712,68,31084.3785
11.298247,83,31100.14233
12.82841,94,31117.732708
12.297778,93,31134.857129
10.554124,75,31148.647985
12.252042,88,31164.842799
11.994731,87,31181.093961
12.091611,89,31198.166073
11.25989,83,31213.40609
11.858736,87,31230.109146
12.212204,91,31246.872009
11.860171,87,31262.435163
12.194535,92,31279.161528
11.963088,86,31295.180166
11.390763,83,31309.889183
11.506019,86,31326.030567
11.843892,86,31341.437765
12.504645,89,31357.683452
12.183541,89,31374.175559
11.461131,86,31390.507545
11.932575,88,31406.902727
11.353302,81,31422.027261
12.8362,91,31438.9994
11.838698,84,31454.636101
12.129375,89,31470.895038
11.949371,88,31487.349053
12.251841,93,31504.613207
10.689289,78,31519.234184
11.848628,84,31534.676373
10.909581,75,31548.655532
11.75259,83,31564.307354
10.684278,76,31578.757462
12.201683,90,31595.590857
11.429589,86,31612.346969
12.787625,91,31628.928827
11.765896,88,31645.21564
11.683372,85,31661.352892
12.266297,92,31678.404222
12.183694,90,31694.883046
11.829294,87,31710.317271
11.478623,82,31726.462845
11.612986,82,31741.835148
12.902474,92,31758.931295
11.936849,86,31774.954548
13.037083,95,31792.739385
12.151754,91,31809.560175
12.281813,91,31826.301041
10.839847,79,31841.019439
12.804615,96,31859.360488
11.188099,81,31874.535391
12.02473,89,31891.563919
11.79269,89,31908.125011
11.301971,83,31923.149946
13.206089,101,31941.932736
12.655429,91,31958.716505
11.589152,84,31974.400925
11.826759,84,31989.058569
10.989125,77,32003.274786
12.085372,85,32018.716069
12.537445,89,32035.257294
12.789669,95,32052.315825
11.963566,84,32067.595609
12.899907,98,32085.613379
12.50695,90,32101.741083
11.330128,83,32117.777382
12.722496,97,32136.178513
12.266782,88,32152.300546
12.615773,93,32168.999914
12.800244,94,32186.506655
12.541112,90,32203.135624
10.058235,69,32215.847252
12.509645,93,32232.763672
12.184662,86,32248.664713
12.15826,85,32264.508538
12.589126,89,32281.49054
12.388119,85,32297.0494
11.907219,82,32311.967007
11.219022,79,32326.629221
12.182396,91,32343.166042
12.071696,86,32359.102981
11.632171,86,32375.298713
11.555755,82,32390.270147
11.270815,82,32404.879498
10.552676,83,32419.738559
12.441842,91,32436.55062
12.428868,88,32453.0753
11.394716,85,32469.448618
11.425635,87,32485.90675
11.328243,82,32501.353143
12.230361,92,32518.562601
11.184694,85,32534.171133
11.822238,89,32551.438308
11.584947,83,32567.582694
11.277192,81,32582.530049
12.088929,91,32598.590736
12.436446,89,32614.75965
11.717801,81,32630.581215
10.807663,79,32645.045489
12.5268,90,32662.147428
12.670361,94,32679.807523
12.719429,97,32697.875642
12.002511,90,32714.096795
12.155591,89,32731.330634
13.163585,98,32748.681234
11.592921,80,32763.891315
12.027551,90,32780.044328
11.785627,85,32795.009749
11.385249,81,32809.757986
10.853052,81,32825.147903
11.694048,85,32841.606517
11.740775,84,32856.843308
11.389313,86,32872.771837
11.916915,86,32889.044142
11.215539,81,32903.283848
11.753354,88,32919.558482
-4.83952,26,32924.441113
12.213816,89,32940.606222
12.203811,87,32956.246884
11.479739,87,32971.755737
12.590138,92,32988.026448
11.916925,92,33005.357405
13.271585,99,33023.165941
11.578122,80,33038.109205
11.499808,80,33052.351451
12.162751,87,33068.175469
12.470213,94,33085.63863
10.511186,76,33099.800019
13.481544,96,33116.70205
11.982123,87,33132.470727
12.173021,82,33147.23197
12.369131,90,33163.989296
12.126066,89,33180.387222
12.477675,93,33197.383891
12.657398,89,33214.138141
12.16892,88,33230.434548
11.668283,87,33246.42514
12.448717,84,33261.421858
11.664225,86,33277.461604
13.319046,94,33295.111538
11.132245,80,33309.980064
12.392425,90,33326.067077
12.255508,91,33342.149188
12.031168,88,33358.419305
12.681531,95,33376.095434
11.872433,85,33391.718562
12.301945,88,33408.549462
12.213848,88,33425.239931
12.341709,92,33442.090054
12.928497,92,33458.959546
12.846286,97,33476.668396
11.522494,87,33493.377669
11.313035,86,33508.884282
11.042257,75,33522.981322
12.0511,90,33540.027671
11.63647,82,33555.676488
12.199072,89,33571.999094
12.767172,91,33589.221613
10.685287,76,33603.089541
12.373325,88,33619.376944
9.929234,72,33633.117107
11.653438,86,33648.558497
11.696749,82,33664.379187
12.541537,92,33681.860197
11.418945,84,33698.449459
12.256124,87,33715.009635
11.568209,87,33730.984215
11.731536,84,33746.203453
11.536577,84,33761.666889
11.803462,82,33777.097761
12.373602,90,33793.872713
11.505216,89,33812.105723
